OBJECTID,Site ID,Company,Corp,Site,State,PADD,Atmos. Crude Dist,Vacuum Dist,Catalytic Cracking,Hydro Cracking,"Thermal Cracking, Visbreaking",Catalytic Reforming,"Alkylates, Isomerization",Desulfurization,Fluid and Delayed Coking,Asphalt and Road Oil,Source,Period,Latitude,Longitude,Link_Imports,x,y
262,83,TOTALENERGIES PETROCHEM & REFG USA,TOTALENERGIES SE,PORT ARTHUR,Texas,3,245,117,80,0,0,43,15.3,274.5,60,0,EIA-820 Refinery Capacity Report,"As of Jan. 1, 2024",29.96046,-93.88847,1,-10451616.6718,3498468.357
263,84,ALON USA ENERGY INC,DELEK GROUP LTD,BIG SPRING,Texas,3,74,28,23.5,0,0,21.5,5,60.8,0,7.6,EIA-820 Refinery Capacity Report,"As of Jan. 1, 2024",32.270992,-101.415073,,-11289474.2851,3798935.3406
264,87,MARATHON PETROLEUM CO LP,MARATHON PETROLEUM CORP,CATLETTSBURG,Kentucky,2,316,134,109,0,0,58,44,281.5,0,35.4,EIA-820 Refinery Capacity Report,"As of Jan. 1, 2024",38.376602,-82.596408,,-9194590.0799,4632764.5032
265,89,MARATHON PETROLEUM CO LP,MARATHON PETROLEUM CORP,CANTON,Ohio,2,105,35,24,0,0,23.5,8.5,98,0,17,EIA-820 Refinery Capacity Report,"As of Jan. 1, 2024",40.772929,-81.413878,,-9062951.4425,4978906.217
266,92,ST PAUL PARK REFINING CO LLC,MARATHON PETROLEUM CORP,SAINT PAUL,Minnesota,2,111,51,33.5,0,0,23.5,22.5,98,0,19.5,EIA-820 Refinery Capacity Report,"As of Jan. 1, 2024",44.851007,-92.994345,1,-10352083.1321,5598096.0061
267,97,TESORO REFINING & MARKETING CO,MARATHON PETROLEUM CORP,CARSON,California,5,384.5,205,110,99.5,0,83,71.5,305,109.1,0,EIA-820 Refinery Capacity Report,"As of Jan. 1, 2024",33.818578,-118.236677,1,-13162046.6767,4004467.4208
268,98,BP PRODUCTS NORTH AMERICA INC,BP PLC,FERNDALE,Washington,5,251,139,0,65,0,65.4,26,179.9,61.5,0,EIA-820 Refinery Capacity Report,"As of Jan. 1, 2024",48.884624,-122.734766,1,-13662771.6538,6255307.1274
269,99,CONOCOPHILLIPS ALASKA INC,CONOCOPHILLIPS,PRUDHOE BAY,Alaska,5,16,0,0,0,0,0,0,0,0,0,EIA-820 Refinery Capacity Report,"As of Jan. 1, 2024",70.324832,-149.604069,,-16653848.7817,11175273.459
270,100,HILCORP NORTH SLOPE LLC,HILCORP ENERGY CO,PRUDHOE BAY,Alaska,5,8,0,0,0,0,0,0,0,0,0,EIA-820 Refinery Capacity Report,"As of Jan. 1, 2024",70.253586,-148.37813,,-16517377.8765,11151758.1255
271,110,CALUMET PRINCETON REFINING LLC,"CALUMET SPECIALTY PRODUCTS PARTNERS, L.P.",PRINCETON,Louisiana,3,8.655,7,0,0,0,0,0,9.5,0,2,EIA-820 Refinery Capacity Report,"As of Jan. 1, 2024",32.59107,-93.511874,,-10409694.1968,3841150.2889
272,111,CALUMET COTTON VALLEY REFINING LLC,"CALUMET SPECIALTY PRODUCTS PARTNERS, L.P.",COTTON VALLEY,Louisiana,3,14,0,0,0,0,0,0.5,6.5,0,0,EIA-820 Refinery Capacity Report,"As of Jan. 1, 2024",32.798531,-93.411128,,-10398479.2034,3868592.7543
273,115,CHS MCPHERSON REFINERY INC,CHS INC,MCPHERSON,Kansas,2,117.1,52.5,25.3,43,0,28.5,25,89.4,27.5,0,EIA-820 Refinery Capacity Report,"As of Jan. 1, 2024",38.341628,-97.67768,1,-10873429.5995,4627799.4391
274,116,CENEX HARVEST STATES COOP,CHS INC,LAUREL,Montana,4,64,32.2,16.5,0,0,12.5,5.25,62,16,19.8,EIA-820 Refinery Capacity Report,"As of Jan. 1, 2024",45.658374,-108.7681,1,-12108009.5066,5725771.4097
275,119,CHEVRON USA INC,CHEVRON CORP,EL SEGUNDO,California,5,290.5,169.1,73.8,55,0,49,66.1,169.5,76.7,0,EIA-820 Refinery Capacity Report,"As of Jan. 1, 2024",33.911422,-118.410994,1,-13181451.5564,4016914.3572
276,120,CHEVRON USA INC,CHEVRON CORP,RICHMOND,California,5,257.2,123.456,90,103.4,0,71.3,85.862,382.2,0,0,EIA-820 Refinery Capacity Report,"As of Jan. 1, 2024",37.94978,-122.398665,1,-13625357.0616,4572333.8383
277,123,WESTERN REFINING COMPANY LP,MARATHON PETROLEUM CORP,EL PASO,Texas,3,140,55.5,35,0,0,30,16.5,130,0,4,EIA-820 Refinery Capacity Report,"As of Jan. 1, 2024",31.767512,-106.395613,,-11843905.4618,3732831.5047
278,124,CHEVRON USA INC,CHEVRON CORP,SALT LAKE CITY,Utah,4,57.6,27.9,15.5,0,0,9.1,6.618,50.3,10,0,EIA-820 Refinery Capacity Report,"As of Jan. 1, 2024",40.824744,-111.923936,1,-12459315.5631,4986525.7103
279,125,CHEVRON USA INC,CHEVRON CORP,PASCAGOULA,Mississippi,3,375.2,330,88,119,0,101.6,22,284.3,104,0,EIA-820 Refinery Capacity Report,"As of Jan. 1, 2024",30.344744,-88.489914,1,-9850652.1668,3547940.8874
280,147,DELEK REFINING LTD,DELEK GROUP LTD,TYLER,Texas,3,77.5,28,20.25,0,0,17.5,4.72,77,7.5,0,EIA-820 Refinery Capacity Report,"As of Jan. 1, 2024",32.360432,-95.281964,,-10606739.7143,3810716.4756
281,148,PASADENA REFINING SYSTEMS INC,CHEVRON CORP,PASADENA,Texas,3,115.7,38,0,0,0,23,0,39,0,0,EIA-820 Refinery Capacity Report,"As of Jan. 1, 2024",29.721442,-95.206799,,-10598372.3847,3467793.8281
282,150,SILVER EAGLE REFINING,SILVER EAGLE REFINING INC,WOODS CROSS,Utah,4,15.7,7,0,0,0,0,0,4,0,0,EIA-820 Refinery Capacity Report,"As of Jan. 1, 2024",40.867508,-111.910603,,-12457831.3403,4992818.7222
283,153,THE SAN ANTONIO REFINERY LLC,STARLIGHT RELATIVITY ACQUISITION CO,SAN ANTONIO,Texas,3,21,0,0,0,0,6,0,15,0,0,EIA-820 Refinery Capacity Report,"As of Jan. 1, 2024",29.347637,-98.459995,,-10960516.5069,3419967.2805
284,159,ERGON REFINING INC,ERGON INC,VICKSBURG,Mississippi,3,27.3,18,0,0,0,0,0,23,0,10,EIA-820 Refinery Capacity Report,"As of Jan. 1, 2024",32.385998,-90.907845,1,-10119815.0145,3814086.1975
285,161,EXXONMOBIL REFINING & SUPPLY CO,EXXON MOBIL CORP,BATON ROUGE,Louisiana,3,544.6,254,243,27,0,80,43.2,560.5,123.5,40,EIA-820 Refinery Capacity Report,"As of Jan. 1, 2024",30.486272,-91.169797,1,-10148975.3778,3566209.9712
286,162,PAR MONTANA LLC,PAR PETROLEUM INC,BILLINGS,Montana,4,62.9,32.3,23.66,6.2,0,12.5,5.1,60.9,10,14.5,EIA-820 Refinery Capacity Report,"As of Jan. 1, 2024",45.814531,-108.434778,1,-12070904.2712,5750677.3344
287,163,EXXONMOBIL REFINING & SUPPLY CO,EXXON MOBIL CORP,BAYTOWN,Texas,3,588,297,228,30.6,0,126.5,42,830.4,96,0,EIA-820 Refinery Capacity Report,"As of Jan. 1, 2024",29.761431,-94.976798,1,-10572768.7905,3472920.7357
288,164,VALERO REFINING CO CALIFORNIA,VALERO ENERGY CORP,BENICIA,California,5,150,85.5,75.3,34,0,37.2,21.3,169.3,29.5,9,EIA-820 Refinery Capacity Report,"As of Jan. 1, 2024",38.072007,-122.138319,1,-13596375.4774,4589602.9869
289,168,CVR REFINING CVL LLC,CVR ENERGY,COFFEYVILLE,Kansas,2,136,46,36,0,0,26,10,124,25,0,EIA-820 Refinery Capacity Report,"As of Jan. 1, 2024",37.049525,-95.605823,1,-10642791.5332,4446012.1836
290,176,BIG WEST OIL CO,FJ MANAGEMENT INC,NORTH SALT LAKE,Utah,4,33,0,12.5,0,0,8.75,8.1,24.8,0,0,EIA-820 Refinery Capacity Report,"As of Jan. 1, 2024",40.838556,-111.920665,,-12458951.437,4988557.7957
291,177,CVR REFINING WYN LLC,CVR ENERGY,WYNNEWOOD,Oklahoma,2,78,34,22,0,0,18.7,5.5,67.5,0,0,EIA-820 Refinery Capacity Report,"As of Jan. 1, 2024",34.632945,-97.167756,,-10816665.1194,4114111.0406
292,185,HF SINCLAIR NAVAJO REFINING LLC,HF SINCLAIR CORP,ARTESIA,New Mexico,3,124,34.3,30,18,0,24,9.5,118,0,7,EIA-820 Refinery Capacity Report,"As of Jan. 1, 2024",32.844821,-104.390979,,-11620750.6257,3874724.6141
293,187,CALUMET MONTANA REFINING LLC,"CALUMET SPECIALTY PRODUCTS PARTNERS, L.P.",GREAT FALLS,Montana,4,27,10,3,0,0,1.3,2.25,9.75,0,4.7,EIA-820 Refinery Capacity Report,"As of Jan. 1, 2024",47.523212,-111.295316,1,-12389337.9048,6027897.6921
294,190,HUNT REFINING CO,HUNT CONSLD INC,TUSCALOOSA,Alabama,3,52.5,26,0,24,0,19.5,8.5,61.5,38.5,26,EIA-820 Refinery Capacity Report,"As of Jan. 1, 2024",33.200487,-87.611011,1,-9752813.1324,3921945.5952
295,191,VALERO REFINING CO CALIFORNIA,VALERO ENERGY CORP,WILMINGTON ASPHALT PLANT,California,5,6.5,5,0,0,0,0,0,0,0,3.5,EIA-820 Refinery Capacity Report,"As of Jan. 1, 2024",33.798301,-118.236861,1,-13162067.1595,4001750.8261
296,202,KERN OIL & REFINING CO,KERN OIL & REFINING CO,BAKERSFIELD,California,5,27,0,0,0,0,5.8,0,14,0,0,EIA-820 Refinery Capacity Report,"As of Jan. 1, 2024",35.294719,-118.917953,,-13237885.9741,4204004.7569
297,203,FLINT HILLS RESOURCES LP,KOCH INDUSTRIES INC,SAINT PAUL,Minnesota,2,375,234,96,67,0,49,32,341,82,45,EIA-820 Refinery Capacity Report,"As of Jan. 1, 2024",44.7633,-93.0391,1,-10357065.2359,5584334.5703
298,204,FLINT HILLS RESOURCES LP,KOCH INDUSTRIES INC,CORPUS CHRISTI WEST,Texas,3,275,87.5,58.1,15.5,0,0,15.5,255,0,0,EIA-820 Refinery Capacity Report,"As of Jan. 1, 2024",27.832974,-97.525965,1,-10856540.7629,3227931.906
299,205,FLINT HILLS RESOURCES LP,KOCH INDUSTRIES INC,CORPUS CHRISTI EAST,Texas,3,75,0,49.1,0,0,0,0,33,0,0,EIA-820 Refinery Capacity Report,"As of Jan. 1, 2024",27.804365,-97.424842,,-10845283.8021,3224331.007
300,206,VERTEX REFINING ALABAMA LLC,VERTEX ENERGY LP,SARALAND,Alabama,3,91.2,29,0,0,0,22,1.15,61.7,0,0,EIA-820 Refinery Capacity Report,"As of Jan. 1, 2024",30.7886,-88.0562,,-9802371.3452,3605325.1546
301,209,ULTRAMAR INC,VALERO ENERGY CORP,WILMINGTON REFINERY,California,5,87,46,56.3,0,0,18,22,144,28.8,0,EIA-820 Refinery Capacity Report,"As of Jan. 1, 2024",33.779055,-118.233663,,-13161711.1598,3999172.9541
302,217,VALERO REF COMPANY TENNESSEE LLC,VALERO ENERGY CORP,MEMPHIS,Tennessee,2,205,0,70,26.5,0,36,17,132,0,0,EIA-820 Refinery Capacity Report,"As of Jan. 1, 2024",35.084704,-90.082597,,-10027948.8274,4175398.0455
303,223,PAULSBORO REFINING CO LLC,PBF ENERGY CO LLC,PAULSBORO,New Jersey,1,166,90,0,0,0,32,0,107.1,0,21,EIA-820 Refinery Capacity Report,"As of Jan. 1, 2024",39.840304,-75.257767,1,-8377656.3007,4842762.7571
304,225,EXXONMOBIL REFINING & SUPPLY CO,EXXON MOBIL CORP,BEAUMONT,Texas,3,634.4,180,115,70,0,146,69.5,477.3,46.5,0,EIA-820 Refinery Capacity Report,"As of Jan. 1, 2024",30.064923,-94.074933,1,-10472373.638,3511897.8225
305,226,TORRANCE REFINING CO LLC,PBF ENERGY CO LLC,TORRANCE,California,5,166.2,102.3,103.6,28.3,0,0,30,153.4,62,0,EIA-820 Refinery Capacity Report,"As of Jan. 1, 2024",33.853208,-118.332317,1,-13172693.2728,4009108.4367
306,227,EXXONMOBIL REFINING & SUPPLY CO,EXXON MOBIL CORP,JOLIET,Illinois,2,275,142.1,99.3,0,0,52.6,32,266.9,58.5,17.1,EIA-820 Refinery Capacity Report,"As of Jan. 1, 2024",41.41471,-88.183309,1,-9816521.0543,5073705.0815
307,228,CHALMETTE REFINING LLC,PBF ENERGY CO LLC,CHALMETTE,Louisiana,3,197,169,75.6,0,0,52.7,16.8,188.6,42,0,EIA-820 Refinery Capacity Report,"As of Jan. 1, 2024",29.935151,-89.974393,1,-10015903.6132,3495216.8298
308,237,VALERO REFINING - MERAUX LLC,VALERO ENERGY CORP,MERAUX,Louisiana,3,125.6,56.6,0,48.7,0,32,0,95,0,0,EIA-820 Refinery Capacity Report,"As of Jan. 1, 2024",29.933813,-89.941198,1,-10012208.3627,3495044.9557
309,238,SUPERIOR REFINING COMPANY LLC,CENOVUS MARKETING (USA) INC,SUPERIOR,Wisconsin,2,50,29.1,11.323,0,0,9.3,1.7,40.5,0,20,EIA-820 Refinery Capacity Report,"As of Jan. 1, 2024",46.690572,-92.067312,1,-10248886.2905,5891712.9921
310,244,CALUMET SHREVEPORT REFINING LLC,"CALUMET SPECIALTY PRODUCTS PARTNERS, L.P.",SHREVEPORT,Louisiana,3,60,28,0,0,0,12,0,52.3,0,6.5,EIA-820 Refinery Capacity Report,"As of Jan. 1, 2024",32.467561,-93.792592,,-10440943.5816,3824842.9754
311,255,WRB REFINING LP,WRB REFINING LP,BORGER,Texas,3,155,82,60,0,0,33.78,60,192.7,28.38,0,EIA-820 Refinery Capacity Report,"As of Jan. 1, 2024",35.693187,-101.365597,,-11283966.642,4258486.0871
312,256,PHILLIPS 66 COMPANY,PHILLIPS 66 COMPANY,SWEENY,Texas,3,286,132.1,111,0,0,46.176,36.3,378.6,78.7,0,EIA-820 Refinery Capacity Report,"As of Jan. 1, 2024",29.077881,-95.747538,1,-10658567.1749,3385562.2804
313,257,HF SINCLAIR WOODS CROSS REFINING LLC,HF SINCLAIR CORP,WOODS CROSS,Utah,4,41.4,0,18.2,15,0,8.4,8.3,26.2,0,1.8,EIA-820 Refinery Capacity Report,"As of Jan. 1, 2024",40.886581,-111.904823,1,-12457187.9137,4995626.7536
314,262,PLACID REFINING CO,PLACID OIL CO,PORT ALLEN,Louisiana,3,82.5,27,25.5,0,0,11.5,7.5,57,0,0,EIA-820 Refinery Capacity Report,"As of Jan. 1, 2024",30.477376,-91.210811,,-10153541.0354,3565060.8536
315,266,ERGON WEST VIRGINIA INC,ERGON INC,NEWELL,West Virginia,1,23,8.6,0,0,0,4.7,0,24.1,0,0.7,EIA-820 Refinery Capacity Report,"As of Jan. 1, 2024",40.610826,-80.629399,,-8975623.6396,4955106.954
316,271,SAN JOAQUIN REFINING CO INC,SAN JOAQUIN REFINING CO INC,BAKERSFIELD,California,5,25,14.3,0,0,5,0,0,5.4,0,8,EIA-820 Refinery Capacity Report,"As of Jan. 1, 2024",35.38733,-119.047922,,-13252354.057,4216643.1203
317,275,WRB REFINING LP,WRB REFINING LP,WOOD RIVER,Illinois,2,367.5,196.5,101,64,0,79.7,21.8,281.35,83.7,28,EIA-820 Refinery Capacity Report,"As of Jan. 1, 2024",38.845944,-90.067283,1,-10026244.0807,4699628.3349
318,276,SHELL OIL PRODUCTS US,SHELL PLC,NORCO,Louisiana,3,250,91.3,118.8,44,0,40,18.1,189,28.5,0,EIA-820 Refinery Capacity Report,"As of Jan. 1, 2024",30.001717,-90.40413,,-10063741.7172,3503770.5498
319,278,TESORO REFINING & MARKETING CO,MARATHON PETROLEUM CORP,ANACORTES,Washington,5,122,48,54.5,0,0,29.5,25.7,105.5,0,0,EIA-820 Refinery Capacity Report,"As of Jan. 1, 2024",48.494369,-122.562522,1,-13643597.5394,6189497.8594
320,279,MARTINEZ REFINING CO LLC,PBF ENERGY CO LLC,MARTINEZ,California,5,157,101,72,42.9,0,31,27.8,262.5,49.3,0,EIA-820 Refinery Capacity Report,"As of Jan. 1, 2024",38.019952,-122.111017,1,-13593336.2327,4582244.7449
321,287,OHIO REFINING COMPANY LLC,CENOVUS MARKETING (USA) INC,TOLEDO,Ohio,2,160,72.5,55,32.5,0,42,11.5,117.5,36,9,EIA-820 Refinery Capacity Report,"As of Jan. 1, 2024",41.680021,-83.453963,1,-9290052.6658,5113168.0023
322,288,LIMA REFINING COMPANY,CENOVUS MARKETING (USA) INC,LIMA,Ohio,2,185,57,45.3,26,0,55,23.2,158,23,0,EIA-820 Refinery Capacity Report,"As of Jan. 1, 2024",40.715965,-84.12464,1,-9364712.088,4970536.4074
323,297,BP PRODUCTS NORTH AMERICA INC,BP PLC,WHITING,Indiana,2,440,276.2,177,0,0,67,59.9,584.6,102,29.5,EIA-820 Refinery Capacity Report,"As of Jan. 1, 2024",41.668103,-87.480268,1,-9738258.8882,5111391.8127
324,300,TESORO REFINING & MARKETING CO,MARATHON PETROLEUM CORP,MANDAN,North Dakota,2,75.5,0,31.6,0,0,12.5,5.5,62.1,0,0,EIA-820 Refinery Capacity Report,"As of Jan. 1, 2024",46.849832,-100.883767,,-11230329.5717,5917597.186
325,301,MARATHON PETROLEUM CO LP,MARATHON PETROLEUM CORP,GALVESTON BAY,Texas,3,665,259.5,219.5,164,0,146.5,67,430.5,32.5,0,EIA-820 Refinery Capacity Report,"As of Jan. 1, 2024",29.374692,-94.933456,1,-10567943.9812,3423422.9187
326,302,TESORO REFINING & MARKETING CO,MARATHON PETROLEUM CORP,SALT LAKE CITY,Utah,4,72.5,0,28.5,0,0,11.5,8,47.5,0,0,EIA-820 Refinery Capacity Report,"As of Jan. 1, 2024",40.792315,-111.905455,,-12457258.2676,4981756.2685
327,308,TOLEDO REFINING CO LLC,PBF ENERGY CO LLC,TOLEDO,Ohio,2,180,0,82,52,0,51.8,9.95,149.9,0,0,EIA-820 Refinery Capacity Report,"As of Jan. 1, 2024",41.62889,-83.50492,1,-9295725.1731,5105550.0543
328,309,HF SINCLAIR TULSA REFINING LLC,HF SINCLAIR CORP,TULSA WEST,Oklahoma,2,91.02,32,0,0,0,0,0.9,49.6,11,6.5,EIA-820 Refinery Capacity Report,"As of Jan. 1, 2024",36.139133,-96.022697,,-10689197.7346,4319782.7852
329,314,TESORO ALASKA COMPANY LLC,MARATHON PETROLEUM CORP,KENAI,Alaska,5,72,26,0,13,0,13.5,5,24.5,0,9.5,EIA-820 Refinery Capacity Report,"As of Jan. 1, 2024",60.682335,-151.376675,,-16851174.379,8553244.5964
330,317,HF SINCLAIR EL DORADO REFINING LLC,HF SINCLAIR CORP,EL DORADO,Kansas,2,165,65,44,0,0,31,30.5,193,22.5,4,EIA-820 Refinery Capacity Report,"As of Jan. 1, 2024",37.797473,-96.872662,1,-10783815.4056,4550854.9142
331,322,HF SINCLAIR PUGET SOUND REFG LLC,HF SINCLAIR CORP,ANACORTES,Washington,5,149,65.8,57.9,0,0,21.7,12.5,130.5,25.3,0,EIA-820 Refinery Capacity Report,"As of Jan. 1, 2024",48.470693,-122.556244,1,-13642898.6756,6185521.6856
332,329,US OIL & REFINING CO,PAR PETROLEUM INC,TACOMA,Washington,5,42,19.2,0,0,0,6.8,5,19.4,0,9,EIA-820 Refinery Capacity Report,"As of Jan. 1, 2024",47.255786,-122.397126,1,-13625185.7409,5983925.2561
333,333,PHILLIPS 66 COMPANY,PHILLIPS 66 COMPANY,FERNDALE,Washington,5,110.5,48.1,38,0,0,18.5,15.6,91.3,0,0,EIA-820 Refinery Capacity Report,"As of Jan. 1, 2024",48.830501,-122.696618,1,-13658525.0378,6246149.7456
334,335,PHILLIPS 66 COMPANY,PHILLIPS 66 COMPANY,LINDEN,New Jersey,1,272.1,75,145,0,0,37,22.8,191,0,0,EIA-820 Refinery Capacity Report,"As of Jan. 1, 2024",40.635876,-74.22235,1,-8262394.2075,4958780.9082
335,336,MONROE ENERGY LLC,DELTA AIR LINES INC,TRAINER,Pennsylvania,1,208,73,53,23,0,50,12,190.6,0,0,EIA-820 Refinery Capacity Report,"As of Jan. 1, 2024",39.819143,-75.403896,1,-8393923.3065,4839695.3339
336,339,VALERO REFINING CO OKLAHOMA,VALERO ENERGY CORP,ARDMORE,Oklahoma,2,90,32,30,14,0,20.5,7.012,112.95,0,0,EIA-820 Refinery Capacity Report,"As of Jan. 1, 2024",34.2044,-97.101794,,-10809322.2632,4056281.0849
337,340,SUNCOR ENERGY (USA) INC,SUNCOR ENERGY INC,COMMERCE CITY EAST,Colorado,4,38.7,8.5,9.5,0,0,11,0,11,0,0,EIA-820 Refinery Capacity Report,"As of Jan. 1, 2024",39.801794,-104.944705,1,-11682391.1221,4837181.1892
338,342,PHILLIPS 66 COMPANY,PHILLIPS 66 COMPANY,RODEO,California,5,62,93.2,0,69,0,34,13.8,27.5,51,0,EIA-820 Refinery Capacity Report,"As of Jan. 1, 2024",38.043474,-122.255632,1,-13609434.7008,4585569.0527
339,343,PHILLIPS 66 COMPANY,PHILLIPS 66 COMPANY,WILMINGTON,California,5,159,83.4,51.6,27.5,0,36.2,35.8,150.7,53.2,0,EIA-820 Refinery Capacity Report,"As of Jan. 1, 2024",33.810856,-118.243473,1,-13162803.204,4003432.7962
340,351,VALERO REFINING CO TEXAS LP,VALERO ENERGY CORP,CORPUS CHRISTI,Texas,3,301,91,95.5,51,0,50,40.5,293.5,19,30.6,EIA-820 Refinery Capacity Report,"As of Jan. 1, 2024",27.816758,-97.484505,1,-10851925.4568,3225890.7473
341,353,AMERICAN REFINING GROUP INC,AMERICAN REFINING GROUP INC,BRADFORD,Pennsylvania,1,11.8,0,0,0,0,2.2,0.78,8.7,0,0.56,EIA-820 Refinery Capacity Report,"As of Jan. 1, 2024",41.966715,-78.629424,1,-8752987.441,5155994.8157
342,356,WYOMING REFINING CO,PAR PETROLEUM INC,NEWCASTLE,Wyoming,4,20,0,7.5,0,0,4.5,1.3,10.6,0,0,EIA-820 Refinery Capacity Report,"As of Jan. 1, 2024",43.848521,-104.213903,,-11601038.6155,5442030.3056
343,362,FORELAND REFINING CORP,FORELAND REFINING CORP,ELY,Nevada,5,5,2.75,0,0,0,0,0,0,0,1.6,EIA-820 Refinery Capacity Report,"As of Jan. 1, 2024",38.621486,-115.617898,,-12870525.5319,4667596.81
344,363,PAR HAWAII REFINING LLC,PAR PETROLEUM INC,KAPOLEI,Hawaii,5,95,40,0,20,11,13.5,0,13,0,0,EIA-820 Refinery Capacity Report,"As of Jan. 1, 2024",21.303769,-158.0914,1,-17598654.1468,2428136.8737
345,381,COUNTRYMARK REFINING & LOGISTICS LLC,COUNTRYMARK COOP INC,MOUNT VERNON,Indiana,2,35.7,14.5,9.1,0,0,6.7,6.25,34.5,0,3.7,EIA-820 Refinery Capacity Report,"As of Jan. 1, 2024",37.906028,-87.928877,,-9788197.8137,4566159.2131
346,382,CROSS OIL REFINING & MARKETING INC,MARTIN RESOURCE MANAGEMENT GRP,SMACKOVER,Arkansas,3,7.7,3.85,0,0,0,0,0,6,0,0.8,EIA-820 Refinery Capacity Report,"As of Jan. 1, 2024",33.363209,-92.712123,,-10320666.3227,3943613.7144
347,385,DEER PARK REFINING LP,PEMEX,DEER PARK,Texas,3,340,180,80.1,60,0,68.5,21,328.6,96,0,EIA-820 Refinery Capacity Report,"As of Jan. 1, 2024",29.731441,-95.126797,1,-10589466.6028,3469075.5877
348,386,DIAMOND SHAMROCK REFINING CO LP,VALERO ENERGY CORP,SUNRAY,Texas,3,204,50,56,27,0,47,12.8,132,0,5.5,EIA-820 Refinery Capacity Report,"As of Jan. 1, 2024",35.95563,-101.880991,,-11341340.0396,4294517.8447
349,387,DIAMOND SHAMROCK REFINING CO LP,VALERO ENERGY CORP,THREE RIVERS,Texas,3,100,33.5,23.84,28,0,33.5,10,83,0,0,EIA-820 Refinery Capacity Report,"As of Jan. 1, 2024",28.45921,-98.188265,,-10930267.6617,3306994.0011
350,391,SUNCOR ENERGY (USA) INC,SUNCOR ENERGY INC,COMMERCE CITY WEST,Colorado,4,73,25,21,0,0,10.9,0,76.43,0,13.2,EIA-820 Refinery Capacity Report,"As of Jan. 1, 2024",39.803311,-104.946497,1,-11682590.6066,4837401.0012
351,392,PHILLIPS 66 COMPANY,PHILLIPS 66 COMPANY,WESTLAKE,Louisiana,3,273,125,51.6,0,0,48,34,277,65.2,6.5,EIA-820 Refinery Capacity Report,"As of Jan. 1, 2024",30.241215,-93.271135,1,-10382895.2539,3534593.6179
352,393,PHILLIPS 66 COMPANY,PHILLIPS 66 COMPANY,BILLINGS,Montana,4,69.5,49.9,24.99,0,0,9.2,11.5,82,20,0,EIA-820 Refinery Capacity Report,"As of Jan. 1, 2024",45.78057,-108.490143,1,-12077067.4748,5745254.8668
353,394,PHILLIPS 66 COMPANY,PHILLIPS 66 COMPANY,PONCA CITY,Oklahoma,2,235,89.042,76.912,0,0,49.258,17.574,242.725,27.385,0,EIA-820 Refinery Capacity Report,"As of Jan. 1, 2024",36.675939,-97.079264,1,-10806814.2351,4394032.609
354,434,PREMCOR REFINING GROUP INC,VALERO ENERGY CORP,PORT ARTHUR,Texas,3,424,220,75,134.8,0,58,19.5,339.1,154.7,0,EIA-820 Refinery Capacity Report,"As of Jan. 1, 2024",29.857368,-93.962546,1,-10459862.7744,3485228.9736
355,442,LION OIL CO,DELEK GROUP LTD,EL DORADO,Arkansas,3,85,45,21,0,0,15.3,13,92.75,0,20.5,EIA-820 Refinery Capacity Report,"As of Jan. 1, 2024",33.199731,-92.673774,,-10316397.3316,3921845.0202
356,444,HOUSTON REFINING LP,ACCESS INDUSTRIES,HOUSTON,Texas,3,289,196.5,110,0,0,0,11.25,400.6,100.5,0,EIA-820 Refinery Capacity Report,"As of Jan. 1, 2024",29.701556,-95.251761,1,-10603377.5317,3465245.0455
357,461,PETRO STAR INC,ARCTIC SLOPE REGIONAL CORP,NORTH POLE,Alaska,5,24,0,0,0,0,0,0,0,0,3,EIA-820 Refinery Capacity Report,"As of Jan. 1, 2024",64.85276,-147.748499,,-16447287.6742,9569694.2877
358,462,PETRO STAR INC,ARCTIC SLOPE REGIONAL CORP,VALDEZ,Alaska,5,60,0,0,0,0,0,0,0,0,0,EIA-820 Refinery Capacity Report,"As of Jan. 1, 2024",61.081919,-146.381762,,-16295143.2073,8644657.3263
359,465,CITGO PETROLEUM CORP,PDV AMERICA INC,LAKE CHARLES,Louisiana,3,479,230,151,51.2,0,118.2,56.1,410.5,110,0,EIA-820 Refinery Capacity Report,"As of Jan. 1, 2024",30.181174,-93.332596,1,-10389737.0611,3526859.3946
360,478,CITGO REFINING & CHEMICAL INC,PDV AMERICA INC,CORPUS CHRISTI,Texas,3,175.5,85.3,70.7,0,0,51.5,24.878,273.047,45.1,0,EIA-820 Refinery Capacity Report,"As of Jan. 1, 2024",27.809474,-97.428434,1,-10845683.6617,3224973.9866
361,479,CPI OPERATIONS LLC,PBF ENERGY CO LLC,PAULSBORO,New Jersey,1,35,0,0,0,0,0,0,0,0,0,EIA-820 Refinery Capacity Report,"As of Jan. 1, 2024",39.840932,-75.226205,,-8374142.8349,4842853.8042
362,496,HF SINCLAIR WYOMING REFINING CO,HF SINCLAIR CORP,SINCLAIR,Wyoming,4,92,51,22,16,0,13,5,74,20,8,EIA-820 Refinery Capacity Report,"As of Jan. 1, 2024",41.780163,-107.109511,1,-11923376.2236,5128105.5997
363,497,HF SINCLAIR TULSA REFINING LLC,HF SINCLAIR CORP,TULSA EAST,Oklahoma,2,75.5,27,30,0,0,25,18.5,99,0,15.2,EIA-820 Refinery Capacity Report,"As of Jan. 1, 2024",36.116749,-95.999949,1,-10686665.4389,4316697.7686
364,499,HF SINCLAIR CASPER REFINING COMPANY,HF SINCLAIR CORP,EVANSVILLE,Wyoming,4,30,0,11,0,0,5,0,25.9,0,0,EIA-820 Refinery Capacity Report,"As of Jan. 1, 2024",42.858453,-106.242437,1,-11826853.9875,5290451.7073
365,501,ALON REFINING KROTZ SPRINGS INC,DELEK GROUP LTD,KROTZ SPRINGS,Louisiana,3,83,36.2,34,0,0,13,12.22,32,0,0,EIA-820 Refinery Capacity Report,"As of Jan. 1, 2024",30.526508,-91.748001,,-10213340.7526,3571408.6642
366,502,VALERO REFINING CO TEXAS LP,VALERO ENERGY CORP,HOUSTON,Texas,3,218.7,38,75.2,75,0,0,28.875,62.927,0,0,EIA-820 Refinery Capacity Report,"As of Jan. 1, 2024",29.722805,-95.255585,1,-10603803.2174,3467968.5419
367,503,VALERO REFINING CO TEXAS LP,VALERO ENERGY CORP,TEXAS CITY,Texas,3,227.4,133.5,86,0,0,18.1,21.2,286,53.5,0,EIA-820 Refinery Capacity Report,"As of Jan. 1, 2024",29.378096,-94.895337,1,-10563700.5935,3423857.7644
368,506,DELAWARE CITY REFINING CO LLC,PBF ENERGY CO LLC,DELAWARE CITY,Delaware,1,180,104.6,86,24,0,43,18.5,180.3,54.5,0,EIA-820 Refinery Capacity Report,"As of Jan. 1, 2024",39.587733,-75.631323,1,-8419240.3644,4806212.3818
369,507,MOTIVA ENTERPRISES LLC,SAUDI ARAMCO,PORT ARTHUR,Texas,3,659.7,331.8,92.6,115.5,0,134.5,80.3,587.3,178,0,EIA-820 Refinery Capacity Report,"As of Jan. 1, 2024",29.884891,-93.960709,1,-10459658.2805,3488762.2194
370,510,CALCASIEU REFINING CO,TRANSWORLD OIL USA INC,LAKE CHARLES,Louisiana,3,137,36,0,0,0,0,0,0,0,0,EIA-820 Refinery Capacity Report,"As of Jan. 1, 2024",30.132389,-93.320068,,-10388342.4506,3520578.5912
371,512,TRECORA HYDROCARBONS LLC,TRECORA HYDROCARBONS LLC,SILSBEE,Texas,3,0,0,0,0,0,5.2,4.4,15,0,0,EIA-820 Refinery Capacity Report,"As of Jan. 1, 2024",30.398348,-94.228208,,-10489436.1329,3554857.2219
372,517,VALERO REFINING NEW ORLEANS LLC,VALERO ENERGY CORP,NORCO,Louisiana,3,235,180,100,113,0,25,48,195,86,0,EIA-820 Refinery Capacity Report,"As of Jan. 1, 2024",30.002368,-90.423202,1,-10065864.8025,3503854.2315
373,523,UNITED REFINING CO,RED APPLE GROUP INC,WARREN,Pennsylvania,1,70,40,26,0,0,14,13,53,0,23,EIA-820 Refinery Capacity Report,"As of Jan. 1, 2024",41.832187,-79.128024,1,-8808491.3392,5135874.9227
374,525,LAZARUS ENERGY LLC,BLUE DOLPHIN ENERGY CO,NIXON,Texas,3,15,0,0,0,0,0,0,0,0,0,EIA-820 Refinery Capacity Report,"As of Jan. 1, 2024",29.261622,-97.787248,,-10885626.6534,3408986.9811
375,526,PDV MIDWEST REFINING LLC,PDV AMERICA INC,LEMONT,Illinois,2,194.12,77.2,69.5,0,0,35.8,24.45,228.96,41.22,0,EIA-820 Refinery Capacity Report,"As of Jan. 1, 2024",41.655625,-88.04655,1,-9801297.1121,5109532.5164
376,528,MARATHON PETROLEUM CO LP,MARATHON PETROLEUM CORP,DETROIT,Michigan,2,152,90.5,44,0,0,21.5,8.5,137.5,40,32,EIA-820 Refinery Capacity Report,"As of Jan. 1, 2024",42.2837,-83.158493,1,-9257161.0959,5203571.5183
377,530,MARATHON PETROLEUM CO LP,MARATHON PETROLEUM CORP,GARYVILLE,Louisiana,3,628,299,150,130,0,138,105,625.5,110,33,EIA-820 Refinery Capacity Report,"As of Jan. 1, 2024",30.060139,-90.595952,1,-10085095.2446,3511282.4959
378,531,MARATHON PETROLEUM CO LP,MARATHON PETROLEUM CORP,ROBINSON,Illinois,2,266,76,54.5,44,0,82,35,200.5,31,0,EIA-820 Refinery Capacity Report,"As of Jan. 1, 2024",38.997284,-87.715851,1,-9764483.8678,4721282.5364
379,538,HUNT SOUTHLAND REFINING CO,HUNT CONSLD INC,SANDERSVILLE,Mississippi,3,12.5,6.875,0,0,0,0,0,0,0,6.125,EIA-820 Refinery Capacity Report,"As of Jan. 1, 2024",31.814884,-89.009189,1,-9908457.5954,3739035.7292
380,550,LUNDAY THAGARD CO,WORLD OIL CO,SOUTH GATE,California,5,10,5,0,0,0,0,0,0,0,3.75,EIA-820 Refinery Capacity Report,"As of Jan. 1, 2024",33.946372,-118.166647,,-13154250.9728,4021603.3671
381,2468,SILVER EAGLE REFINING,SILVER EAGLE REFINING INC,EVANSTON,Wyoming,4,3.4,0,0,0,0,2.9,0,3.9,0,0,EIA-820 Refinery Capacity Report,"As of Jan. 1, 2024",41.261142,-110.806321,,-12334903.2304,5050936.6908
382,3008,GOODWAY REFINING LLC,GOODWAY REFINING LLC,ATMORE,Alabama,3,5,0,0,0,0,0,0,0,0,0,EIA-820 Refinery Capacity Report,"As of Jan. 1, 2024",31.072,-87.363,,-9725204.6742,3642103.2483
383,3109,EXCEL PARALUBES,EXCEL PARALUBES,WESTLAKE,Louisiana,3,0,0,0,43,0,0,0,0,0,0,EIA-820 Refinery Capacity Report,"As of Jan. 1, 2024",30.188295,-93.339019,1,-10390452.0662,3527776.4446
384,3215,EQUISTAR CHEMICALS LP,ACCESS INDUSTRIES,CHANNELVIEW,Texas,3,0,0,0,0,0,0,22.37,0,0,0,EIA-820 Refinery Capacity Report,"As of Jan. 1, 2024",29.82338,-95.113566,1,-10587993.7347,3480867.1321
385,4998,KINDER MORGAN CRUDE & CONDENSATE,KINDER MORGAN ENERGY PTNRS LP,GALENA PARK,Texas,3,121,0,0,0,0,0,0,0,0,0,EIA-820 Refinery Capacity Report,"As of Jan. 1, 2024",29.733018,-95.219682,,-10599806.5137,3469277.7531
386,5037,PETROMAX REFINING CO LLC,PETROMAX REFINING CO LLC,HOUSTON,Texas,3,27.5,0,0,0,0,0,0,0,0,0,EIA-820 Refinery Capacity Report,"As of Jan. 1, 2024",29.75377,-95.123221,,-10589068.5243,3471938.3762
387,5048,BUCKEYE TEXAS PROCESSING LLC,BUCKEYE PARTNERS LP,CORPUS CHRISTI,Texas,3,65,0,0,0,0,0,0,0,0,0,EIA-820 Refinery Capacity Report,"As of Jan. 1, 2024",27.817895,-97.505532,,-10854266.1718,3226033.8551
388,5082,MAGELLAN PROCESSING LP,ONEOK INC,CORPUS CHRISTI,Texas,3,50,0,0,0,0,0,0,0,0,0,EIA-820 Refinery Capacity Report,"As of Jan. 1, 2024",27.806936,-97.439103,1,-10846871.3293,3224654.5696
389,5199,HARTREE REFINING LLC,HARTREE PARTNERS LP,CHANNELVIEW,Texas,3,50,0,0,0,0,0,0,0,0,0,EIA-820 Refinery Capacity Report,"As of Jan. 1, 2024",29.7646,-95.103,,-10586817.5329,3473327.1141
390,5338,TALLEY ASPHALT PRODUCTS INC,TALLEY ASPHALT PRODUCTS INC,KERN,California,5,2,0,0,0,0,0,0,0,0,1.7,EIA-820 Refinery Capacity Report,"As of Jan. 1, 2024",35.14491,-119.42754,,-13294612.9395,4183591.3131
391,5341,TEXAS INTERNATIONAL TERMINALS,TEXAS INTL TERMINALS,GALVESTON,Texas,3,50,0,0,0,0,0,0,0,0,0,EIA-820 Refinery Capacity Report,"As of Jan. 1, 2024",29.30173,-94.82515,,-10555887.4124,3414105.8421
392,5378,ENTERPRISE PROD TEXAS OPERATING LLC,ENTERPRISE PRODUCTS PTNRS LP,MONT BELVIEU,Texas,3,0,0,0,0,0,0,0,65,0,0,EIA-820 Refinery Capacity Report,"As of Jan. 1, 2024",29.85778,-94.9072,,-10565021.1766,3485281.8566
393,5380,TARGA DOWNSTREAM LLC,TARGA RESOURCES INC,MONT BELVIEU,Texas,3,0,0,0,0,0,0,0,35,0,0,EIA-820 Refinery Capacity Report,"As of Jan. 1, 2024",29.84185,-94.8948,,-10563640.8149,3483237.2908
